CAM_Algorithm,Top_N,Average_Change,Average_Percentage_Change,Q25_Change,Median_Change,Q75_Change,Q25_Percentage,Median_Percentage,Q75_Percentage
GradCAM,5,5.140866666666666,0.6152444135865227,3.4075,5.135000000000001,6.73,0.4853329176019522,0.6369560514568678,0.746220013891115
HiResCAM,5,5.2068,0.6236305899521903,3.475,5.275,6.7675,0.5005083191292385,0.6375152494087659,0.7693466151765376
GradCAMPlusPlus,5,5.1748666666666665,0.6206151702707023,3.5,5.215,6.555,0.49063593985235165,0.6217540513472588,0.7568121400088612
XGradCAM,5,5.9812,0.7222277519454968,4.300000000000001,6.065,7.487500000000001,0.598923611111111,0.7260893546607832,0.8567357370372664
LayerCAM,5,5.010466666666666,0.5965259469658164,3.355,5.005000000000001,6.4375,0.4718601325523197,0.6015930444927466,0.7414497278690888
