CAM_Algorithm,Top_N,Average_Change,Average_Percentage_Change,Q25_Change,Median_Change,Q75_Change,Q25_Percentage,Median_Percentage,Q75_Percentage
GradCAM,5,5.0751333333333335,0.620154315099383,3.0574999999999997,5.16,6.6674999999999995,0.4810269934018492,0.6281108372620807,0.7770066264169848
HiResCAM,5,5.0544,0.6316874452046839,3.185,5.23,6.672499999999999,0.47643789872408293,0.639492238233657,0.7827924979817784
GradCAMPlusPlus,5,5.054733333333334,0.6323772022050995,3.3499999999999996,5.16,6.665000000000001,0.48485797827903093,0.6447932445934186,0.7906162487232965
XGradCAM,5,5.641733333333334,0.6936434781281938,3.4550000000000005,5.865,8.0075,0.5286460849978813,0.7008399209486166,0.8583950579983313
LayerCAM,5,4.8584,0.601780333422573,2.7975000000000003,4.98,6.605,0.4493506666565139,0.619617926859402,0.7566369971758953
