CAM_Algorithm,Top_N,Average_Change,Average_Percentage_Change,Q25_Change,Median_Change,Q75_Change,Q25_Percentage,Median_Percentage,Q75_Percentage
GradCAM,1,6.279,0.628468912280175,4.522500000000001,6.825,8.417499999999999,0.45135802846633327,0.6796187683284457,0.7738958310141378
HiResCAM,1,6.337,0.6423270769517618,4.615,6.945,8.444999999999999,0.4598982150884344,0.6995346398040804,0.7956730769230769
GradCAMPlusPlus,1,6.298,0.6391799103487791,4.07,6.52,8.409999999999998,0.5016413064865219,0.673787735286923,0.7760896845556758
XGradCAM,1,7.114333333333334,0.7098708963972368,4.73,7.83,9.7975,0.5611229729042753,0.7794456804862167,0.8420752763028924
LayerCAM,1,6.047666666666667,0.6049384860433508,3.6450000000000005,6.404999999999999,8.3775,0.42798806014516094,0.6520178065013815,0.7636321258336454
