CAM_Algorithm,Top_N,Average_Change,Average_Percentage_Change,Q25_Change,Median_Change,Q75_Change,Q25_Percentage,Median_Percentage,Q75_Percentage
GradCAM,1,6.690333333333334,0.6750923508104365,5.58,7.125,7.725,0.5722558530883299,0.6799619141224891,0.8021372294711967
HiResCAM,1,6.786333333333334,0.6850839571738606,5.782500000000001,7.094999999999999,7.83,0.5800244010647737,0.6803878607665924,0.8062818652640913
GradCAMPlusPlus,1,6.661333333333333,0.671050012667649,5.3149999999999995,7.0649999999999995,7.6875,0.5916825405060853,0.6734284940978181,0.7905513362996264
XGradCAM,1,7.694,0.7809778790396813,6.395000000000001,7.4750000000000005,9.540000000000001,0.6695576844679983,0.7714202459581824,0.9005506312113887
LayerCAM,1,6.492666666666667,0.6509687041196845,5.137499999999999,6.744999999999999,7.6475,0.56438586771224,0.6577728305111425,0.7966767559499129
